"","movie_id","score","reviews","avg.rating","stroke"
"1",1,8613,2077,4.14684641309581,1
"2",2,2244,701,3.20114122681883,1
"3",3,1442,478,3.01673640167364,1
"4",4,464,170,2.72941176470588,1
"5",5,890,296,3.00675675675676,1
"6",6,3646,940,3.87872340425532,1
"7",7,1562,458,3.41048034934498,1
"8",9,271,102,2.65686274509804,1
"9",10,3144,888,3.54054054054054,1
"10",11,3919,1033,3.79380445304937,1
"11",12,378,160,2.3625,1
"12",14,542,153,3.54248366013072,1
"13",15,359,146,2.45890410958904,1
"14",16,2587,682,3.79325513196481,1
"15",17,3363,835,4.02754491017964,1
"16",18,524,157,3.3375796178344,1
"17",19,965,389,2.48071979434447,1
"18",21,4914,1356,3.62389380530973,1
"19",22,1266,378,3.34920634920635,1
"20",23,360,126,2.85714285714286,1
"21",24,1984,624,3.17948717948718,1
"22",25,3578,980,3.65102040816327,1
"23",26,353,100,3.53,1
"24",28,726,179,4.05586592178771,1
"25",29,1637,403,4.06203473945409,1
"26",31,439,141,3.11347517730496,1
"27",32,5962,1511,3.94573130377234,1
"28",34,6814,1751,3.89149057681325,1
"29",36,3673,928,3.95797413793103,1
"30",39,4935,1362,3.62334801762115,1
"31",41,958,242,3.95867768595041,1
"32",42,634,221,2.86877828054299,1
"33",43,572,166,3.44578313253012,1
"34",44,867,311,2.78778135048232,1
"35",45,1863,544,3.42463235294118,1
"36",46,516,166,3.10843373493976,1
"37",47,4669,1137,4.10642040457344,1
"38",48,1137,382,2.97643979057592,1
"39",50,8054,1783,4.5171060011217,1
"40",52,1569,431,3.64037122969838,1
"41",58,2051,501,4.0938123752495,1
"42",60,1147,357,3.21288515406162,1
"43",62,2000,541,3.69685767097967,1
"44",63,317,111,2.85585585585586,1
"45",65,295,143,2.06293706293706,1
"46",69,1166,319,3.6551724137931,1
"47",70,2885,914,3.15645514223195,1
"48",73,855,224,3.81696428571429,1
"49",74,357,120,2.975,1
"50",76,508,178,2.85393258426966,1
"51",79,297,114,2.60526315789474,1
"52",81,525,166,3.16265060240964,1
"53",85,660,194,3.4020618556701,1
"54",86,801,236,3.39406779661017,1
"55",88,565,192,2.94270833333333,1
"56",89,704,229,3.07423580786026,1
"57",94,678,182,3.72527472527473,1
"58",95,1835,638,2.87617554858934,1
"59",100,392,128,3.0625,1
"60",101,979,253,3.8695652173913,1
"61",104,2405,682,3.52639296187683,1
"62",105,1251,387,3.23255813953488,1
"63",107,806,256,3.1484375,1
"64",110,10346,2443,4.23495702005731,1
"65",111,5188,1240,4.18387096774194,1
"66",112,1963,570,3.44385964912281,1
"67",122,537,194,2.7680412371134,1
"68",123,445,115,3.8695652173913,1
"69",125,1219,318,3.83333333333333,1
"70",135,374,133,2.81203007518797,1
"71",140,440,139,3.16546762589928,1
"72",141,2421,682,3.54985337243402,1
"73",144,1469,433,3.39260969976905,1
"74",145,1193,362,3.29558011049724,1
"75",147,641,181,3.5414364640884,1
"76",150,5096,1251,4.07354116706635,1
"77",151,1988,554,3.5884476534296,1
"78",153,2053,777,2.64221364221364,1
"79",154,626,168,3.72619047619048,1
"80",157,511,187,2.73262032085561,1
"81",158,772,259,2.98069498069498,1
"82",159,381,116,3.28448275862069,1
"83",160,1265,565,2.23893805309735,1
"84",161,2830,760,3.72368421052632,1
"85",162,1995,491,4.06313645621181,1
"86",163,1867,540,3.45740740740741,1
"87",164,1352,379,3.56728232189974,1
"88",165,2938,825,3.56121212121212,1
"89",168,1068,362,2.95027624309392,1
"90",169,228,113,2.01769911504425,1
"91",170,1010,321,3.14641744548287,1
"92",172,1180,458,2.5764192139738,1
"93",173,1302,564,2.30851063829787,1
"94",175,765,220,3.47727272727273,1
"95",176,803,205,3.91707317073171,1
"96",177,380,139,2.73381294964029,1
"97",180,1600,451,3.54767184035477,1
"98",185,1633,569,2.86994727592267,1
"99",186,583,211,2.76303317535545,1
"100",187,340,105,3.23809523809524,1
"101",188,612,190,3.22105263157895,1
"102",190,375,100,3.75,1
"103",193,445,217,2.05069124423963,1
"104",194,800,213,3.75586854460094,1
"105",195,466,164,2.84146341463415,1
"106",196,1553,550,2.82363636363636,1
"107",198,1994,605,3.29586776859504,1
"108",199,446,117,3.81196581196581,1
"109",203,620,203,3.05418719211823,1
"110",204,593,203,2.92118226600985,1
"111",207,686,219,3.1324200913242,1
"112",208,1713,651,2.63133640552995,1
"113",213,499,123,4.05691056910569,1
"114",215,609,160,3.80625,1
"115",216,1130,355,3.1830985915493,1
"116",218,610,195,3.12820512820513,1
"117",222,1167,329,3.54711246200608,1
"118",223,5573,1412,3.94688385269122,1
"119",224,1309,386,3.39119170984456,1
"120",225,806,254,3.17322834645669,1
"121",227,345,129,2.67441860465116,1
"122",229,378,108,3.5,1
"123",230,1205,349,3.45272206303725,1
"124",231,2107,660,3.19242424242424,1
"125",232,1410,346,4.07514450867052,1
"126",233,849,235,3.61276595744681,1
"127",234,327,147,2.22448979591837,1
"128",235,3427,927,3.69687162891046,1
"129",236,1077,326,3.30368098159509,1
"130",237,764,257,2.9727626459144,1
"131",239,483,168,2.875,1
"132",246,3142,760,4.13421052631579,1
"133",247,1844,477,3.86582809224319,1
"134",248,402,138,2.91304347826087,1
"135",249,981,261,3.75862068965517,1
"136",252,1200,367,3.26975476839237,1
"137",253,2601,738,3.52439024390244,1
"138",256,578,218,2.65137614678899,1
"139",257,368,114,3.2280701754386,1
"140",258,349,144,2.42361111111111,1
"141",259,290,102,2.84313725490196,1
"142",260,13321,2991,4.45369441658308,1
"143",261,1040,285,3.64912280701754,1
"144",262,666,172,3.87209302325581,1
"145",265,3036,772,3.93264248704663,1
"146",266,2620,765,3.42483660130719,1
"147",272,1427,383,3.72584856396867,1
"148",273,707,244,2.89754098360656,1
"149",276,614,228,2.69298245614035,1
"150",277,541,170,3.18235294117647,1
"151",280,757,212,3.57075471698113,1
"152",281,850,233,3.6480686695279,1
"153",282,693,215,3.22325581395349,1
"154",288,2201,700,3.14428571428571,1
"155",289,528,158,3.34177215189873,1
"156",290,658,168,3.91666666666667,1
"157",292,2396,733,3.268758526603,1
"158",293,3790,923,4.10617551462622,1
"159",296,9288,2171,4.27821280515891,1
"160",297,1326,445,2.97977528089888,1
"161",299,524,143,3.66433566433566,1
"162",300,2650,705,3.75886524822695,1
"163",304,2957,867,3.41061130334487,1
"164",305,320,128,2.5,1
"165",306,1412,334,4.22754491017964,1
"166",307,996,243,4.09876543209877,1
"167",308,801,202,3.96534653465347,1
"168",309,428,156,2.74358974358974,1
"169",312,273,112,2.4375,1
"170",314,1155,300,3.85,1
"171",315,406,153,2.65359477124183,1
"172",316,3895,1116,3.49014336917563,1
"173",317,2046,641,3.19188767550702,1
"174",318,10143,2227,4.55455770094297,1
"175",319,1063,273,3.89377289377289,1
"176",322,776,209,3.71291866028708,1
"177",327,936,358,2.6145251396648,1
"178",328,448,144,3.11111111111111,1
"179",329,4911,1413,3.4755838641189,1
"180",330,407,149,2.73154362416107,1
"181",332,410,161,2.54658385093168,1
"182",333,1436,410,3.50243902439024,1
"183",334,440,114,3.85964912280702,1
"184",337,2662,693,3.84126984126984,1
"185",338,637,221,2.88235294117647,1
"186",339,2355,673,3.49925705794948,1
"187",342,1905,518,3.67760617760618,1
"188",344,2412,766,3.14882506527415,1
"189",345,1785,469,3.80597014925373,1
"190",346,423,120,3.525,1
"191",349,3946,1059,3.7261567516525,1
"192",350,1747,515,3.39223300970874,1
"193",351,859,257,3.34241245136187,1
"194",352,373,119,3.13445378151261,1
"195",353,2529,734,3.44550408719346,1
"196",355,628,267,2.35205992509363,1
"197",356,8969,2194,4.08796718322698,1
"198",357,4616,1233,3.74371451743715,1
"199",358,447,141,3.17021276595745,1
"200",360,317,127,2.49606299212598,1
"201",361,917,268,3.42164179104478,1
"202",362,804,239,3.36401673640167,1
"203",364,4328,1121,3.86083853702052,1
"204",366,708,251,2.8207171314741,1
"205",367,3866,1179,3.27905004240882,1
"206",368,2826,802,3.52369077306733,1
"207",370,1194,412,2.89805825242718,1
"208",371,674,212,3.17924528301887,1
"209",372,1350,428,3.15420560747664,1
"210",373,995,258,3.85658914728682,1
"211",374,387,183,2.11475409836066,1
"212",376,1136,350,3.24571428571429,1
"213",377,5883,1650,3.56545454545455,1
"214",378,405,140,2.89285714285714,1
"215",379,1260,436,2.88990825688073,1
"216",380,5088,1400,3.63428571428571,1
"217",381,688,211,3.260663507109,1
"218",382,798,272,2.93382352941176,1
"219",383,882,270,3.26666666666667,1
"220",387,280,102,2.74509803921569,1
"221",393,195,105,1.85714285714286,1
"222",405,431,203,2.12315270935961,1
"223",407,562,193,2.9119170984456,1
"224",410,1346,463,2.90712742980562,1
"225",412,1050,295,3.5593220338983,1
"226",413,620,245,2.53061224489796,1
"227",415,444,179,2.4804469273743,1
"228",417,725,208,3.48557692307692,1
"229",419,342,156,2.19230769230769,1
"230",420,882,352,2.50568181818182,1
"231",423,687,221,3.10859728506787,1
"232",426,829,269,3.0817843866171,1
"233",427,393,166,2.36746987951807,1
"234",428,1034,263,3.93155893536122,1
"235",429,445,187,2.37967914438503,1
"236",431,1362,369,3.69105691056911,1
"237",432,1011,392,2.57908163265306,1
"238",434,2116,686,3.08454810495627,1
"239",435,1389,533,2.60600375234522,1
"240",436,374,141,2.65248226950355,1
"241",438,399,152,2.625,1
"242",440,3613,948,3.81118143459916,1
"243",441,2375,643,3.69362363919129,1
"244",442,1915,640,2.9921875,1
"245",445,261,100,2.61,1
"246",446,1037,254,4.08267716535433,1
"247",448,821,228,3.60087719298246,1
"248",450,748,228,3.28070175438596,1
"249",451,334,106,3.15094339622642,1
"250",454,2923,824,3.54733009708738,1
"251",455,738,285,2.58947368421053,1
"252",457,8186,1995,4.10325814536341,1
"253",459,405,143,2.83216783216783,1
"254",464,601,216,2.78240740740741,1
"255",465,348,105,3.31428571428571,1
"256",466,1602,573,2.79581151832461,1
"257",468,1145,350,3.27142857142857,1
"258",471,2175,599,3.63105175292154,1
"259",473,336,151,2.22516556291391,1
"260",474,3718,972,3.82510288065844,1
"261",475,1217,312,3.90064102564103,1
"262",477,676,195,3.46666666666667,1
"263",479,372,133,2.79699248120301,1
"264",480,10057,2672,3.76384730538922,1
"265",481,994,294,3.38095238095238,1
"266",482,621,176,3.52840909090909,1
"267",485,1254,500,2.508,1
"268",490,615,185,3.32432432432432,1
"269",491,703,212,3.31603773584906,1
"270",492,1246,335,3.71940298507463,1
"271",493,1075,298,3.60738255033557,1
"272",494,1392,416,3.34615384615385,1
"273",497,2668,667,4,1
"274",504,526,178,2.95505617977528,1
"275",506,398,114,3.49122807017544,1
"276",507,1085,308,3.52272727272727,1
"277",508,2185,561,3.89483065953654,1
"278",509,2234,608,3.67434210526316,1
"279",511,472,152,3.10526315789474,1
"280",512,514,179,2.87150837988827,1
"281",514,1222,346,3.53179190751445,1
"282",515,1763,450,3.91777777777778,1
"283",516,712,248,2.87096774193548,1
"284",517,1213,382,3.17539267015707,1
"285",518,366,149,2.45637583892617,1
"286",519,392,202,1.94059405940594,1
"287",520,1096,374,2.93048128342246,1
"288",521,394,117,3.36752136752137,1
"289",523,428,117,3.65811965811966,1
"290",524,1721,476,3.61554621848739,1
"291",527,10392,2304,4.51041666666667,1
"292",529,2864,720,3.97777777777778,1
"293",531,1274,338,3.76923076923077,1
"294",532,1186,389,3.04884318766067,1
"295",533,555,203,2.73399014778325,1
"296",534,1097,286,3.83566433566434,1
"297",535,1149,301,3.81727574750831,1
"298",537,637,207,3.07729468599034,1
"299",538,1204,315,3.82222222222222,1
"300",539,3708,986,3.7606490872211,1
"301",540,375,169,2.2189349112426,1
"302",541,7692,1800,4.27333333333333,1
"303",542,551,206,2.6747572815534,1
"304",543,2308,682,3.3841642228739,1
"305",544,341,129,2.64341085271318,1
"306",546,656,350,1.87428571428571,1
"307",547,357,124,2.87903225806452,1
"308",548,349,137,2.54744525547445,1
"309",549,600,157,3.82165605095541,1
"310",550,537,178,3.01685393258427,1
"311",551,3703,996,3.71787148594378,1
"312",552,1714,529,3.24007561436673,1
"313",553,2142,553,3.87341772151899,1
"314",555,2585,658,3.92857142857143,1
"315",556,558,132,4.22727272727273,1
"316",558,365,135,2.7037037037037,1
"317",562,1816,478,3.79916317991632,1
"318",569,293,100,2.93,1
"319",574,603,175,3.44571428571429,1
"320",575,302,107,2.82242990654206,1
"321",581,571,141,4.04964539007092,1
"322",585,1215,418,2.9066985645933,1
"323",586,2116,675,3.13481481481481,1
"324",587,3930,1124,3.49644128113879,1
"325",588,5118,1351,3.78830495928942,1
"326",589,10751,2649,4.05851264628162,1
"327",590,5681,1451,3.91523087525844,1
"328",592,5153,1431,3.60097833682739,1
"329",593,11219,2578,4.35182311869666,1
"330",594,2934,763,3.84534731323722,1
"331",595,4119,1060,3.88584905660377,1
"332",596,1868,498,3.75100401606426,1
"333",597,3809,1046,3.6414913957935,1
"334",599,1079,264,4.08712121212121,1
"335",605,749,226,3.3141592920354,1
"336",608,10692,2513,4.25467568643056,1
"337",610,2192,618,3.54692556634304,1
"338",611,534,216,2.47222222222222,1
"339",616,932,278,3.35251798561151,1
"340",627,436,121,3.60330578512397,1
"341",628,1890,485,3.89690721649485,1
"342",637,356,140,2.54285714285714,1
"343",647,1567,441,3.55328798185941,1
"344",648,5242,1527,3.43287491814014,1
"345",653,1974,612,3.22549019607843,1
"346",661,1819,525,3.4647619047619,1
"347",662,382,128,2.984375,1
"348",663,902,264,3.41666666666667,1
"349",671,1678,456,3.67982456140351,1
"350",673,1475,563,2.61989342806394,1
"351",674,1164,386,3.01554404145078,1
"352",678,1299,306,4.24509803921569,1
"353",688,485,213,2.27699530516432,1
"354",691,375,121,3.09917355371901,1
"355",692,224,106,2.11320754716981,1
"356",694,373,141,2.64539007092199,1
"357",695,429,135,3.17777777777778,1
"358",700,482,145,3.32413793103448,1
"359",707,849,275,3.08727272727273,1
"360",708,2332,679,3.43446244477172,1
"361",709,438,144,3.04166666666667,1
"362",711,520,177,2.93785310734463,1
"363",714,595,153,3.88888888888889,1
"364",719,684,239,2.86192468619247,1
"365",720,1939,438,4.42694063926941,1
"366",724,1284,416,3.08653846153846,1
"367",728,817,217,3.76497695852535,1
"368",733,4989,1340,3.72313432835821,1
"369",735,339,101,3.35643564356436,1
"370",736,3523,1110,3.17387387387387,1
"371",737,609,300,2.03,1
"372",741,1284,314,4.08917197452229,1
"373",742,440,174,2.52873563218391,1
"374",743,275,107,2.57009345794393,1
"375",745,2970,657,4.52054794520548,1
"376",748,1314,417,3.15107913669065,1
"377",750,6083,1367,4.44989027066569,1
"378",761,343,123,2.78861788617886,1
"379",762,651,298,2.18456375838926,1
"380",765,450,171,2.63157894736842,1
"381",766,357,100,3.57,1
"382",778,2974,751,3.96005326231691,1
"383",780,6073,1730,3.51040462427746,1
"384",781,348,103,3.37864077669903,1
"385",782,370,145,2.55172413793103,1
"386",783,1257,390,3.22307692307692,1
"387",784,1051,385,2.72987012987013,1
"388",785,2661,765,3.47843137254902,1
"389",786,1437,460,3.12391304347826,1
"390",788,2840,948,2.9957805907173,1
"391",798,552,204,2.70588235294118,1
"392",799,1132,338,3.3491124260355,1
"393",800,2572,630,4.08253968253968,1
"394",801,375,121,3.09917355371901,1
"395",802,1493,427,3.49648711943794,1
"396",804,694,233,2.97854077253219,1
"397",805,1235,344,3.59011627906977,1
"398",810,176,120,1.46666666666667,1
"399",818,484,189,2.56084656084656,1
"400",829,300,131,2.29007633587786,1
"401",830,871,295,2.95254237288136,1
"402",832,1962,564,3.47872340425532,1
"403",835,322,103,3.12621359223301,1
"404",836,629,237,2.65400843881857,1
"405",837,758,218,3.47706422018349,1
"406",838,1944,501,3.88023952095808,1
"407",839,299,135,2.21481481481481,1
"408",842,391,151,2.58940397350993,1
"409",848,536,156,3.43589743589744,1
"410",849,1283,511,2.51076320939335,1
"411",851,444,127,3.49606299212598,1
"412",852,1981,615,3.22113821138211,1
"413",858,10059,2223,4.52496626180837,1
"414",861,959,273,3.51282051282051,1
"415",866,2187,572,3.82342657342657,1
"416",878,360,122,2.95081967213115,1
"417",879,670,237,2.82700421940928,1
"418",880,713,324,2.20061728395062,1
"419",886,306,104,2.94230769230769,1
"420",891,432,183,2.36065573770492,1
"421",892,587,152,3.86184210526316,1
"422",898,2503,582,4.30068728522337,1
"423",899,3217,751,4.28362183754993,1
"424",900,1321,343,3.85131195335277,1
"425",901,634,174,3.64367816091954,1
"426",902,2642,676,3.90828402366864,1
"427",903,3867,905,4.27292817679558,1
"428",904,4700,1050,4.47619047619048,1
"429",905,1601,374,4.2807486631016,1
"430",906,766,187,4.09625668449198,1
"431",907,412,105,3.92380952380952,1
"432",908,5765,1315,4.38403041825095,1
"433",909,1721,417,4.12709832134293,1
"434",910,3578,832,4.30048076923077,1
"435",911,1280,306,4.18300653594771,1
"436",912,7365,1669,4.41282204913122,1
"437",913,4585,1043,4.39597315436242,1
"438",914,2642,636,4.15408805031447,1
"439",915,1447,365,3.96438356164384,1
"440",916,1792,425,4.21647058823529,1
"441",918,717,189,3.79365079365079,1
"442",919,7298,1718,4.24796274738067,1
"443",920,4621,1156,3.99740484429066,1
"444",921,1176,302,3.89403973509934,1
"445",922,2111,470,4.49148936170213,1
"446",923,4898,1116,4.38888888888889,1
"447",924,6982,1716,4.06876456876457,1
"448",926,1715,403,4.25558312655087,1
"449",928,1623,386,4.20466321243523,1
"450",930,1911,445,4.29438202247191,1
"451",931,806,206,3.9126213592233,1
"452",932,747,189,3.95238095238095,1
"453",933,1817,443,4.10158013544018,1
"454",934,1112,304,3.65789473684211,1
"455",936,538,132,4.07575757575758,1
"456",938,677,187,3.62032085561497,1
"457",940,1502,378,3.97354497354497,1
"458",941,389,105,3.7047619047619,1
"459",943,681,171,3.98245614035088,1
"460",945,1041,251,4.14741035856574,1
"461",946,620,161,3.85093167701863,1
"462",947,772,188,4.1063829787234,1
"463",948,488,130,3.75384615384615,1
"464",949,855,215,3.97674418604651,1
"465",950,1238,292,4.23972602739726,1
"466",951,1687,397,4.24937027707809,1
"467",952,969,269,3.60223048327138,1
"468",953,3134,729,4.29903978052126,1
"469",954,1624,383,4.2402088772846,1
"470",955,1722,413,4.16949152542373,1
"471",965,1031,253,4.07509881422925,1
"472",968,2625,715,3.67132867132867,1
"473",969,4494,1057,4.25165562913907,1
"474",971,1097,271,4.0479704797048,1
"475",978,394,100,3.94,1
"476",986,836,232,3.60344827586207,1
"477",991,599,170,3.52352941176471,1
"478",994,1843,450,4.09555555555556,1
"479",996,744,256,2.90625,1
"480",999,939,286,3.28321678321678,1
"481",1004,269,101,2.66336633663366,1
"482",1005,337,142,2.37323943661972,1
"483",1007,691,232,2.97844827586207,1
"484",1009,927,291,3.18556701030928,1
"485",1010,791,242,3.26859504132231,1
"486",1011,368,135,2.72592592592593,1
"487",1012,1115,301,3.70431893687708,1
"488",1013,920,258,3.56589147286822,1
"489",1014,463,136,3.40441176470588,1
"490",1015,783,234,3.34615384615385,1
"491",1016,502,156,3.21794871794872,1
"492",1017,990,276,3.58695652173913,1
"493",1018,400,123,3.2520325203252,1
"494",1019,2129,575,3.70260869565217,1
"495",1020,1270,392,3.23979591836735,1
"496",1021,684,247,2.76923076923077,1
"497",1022,2167,577,3.75563258232236,1
"498",1023,881,221,3.98642533936652,1
"499",1024,409,126,3.24603174603175,1
"500",1025,1058,293,3.61092150170648,1
"501",1027,1088,344,3.16279069767442,1
"502",1028,3937,1011,3.89416419386746,1
"503",1029,2095,568,3.68838028169014,1
"504",1030,994,323,3.07739938080495,1
"505",1031,1110,319,3.47962382445141,1
"506",1032,1941,525,3.69714285714286,1
"507",1033,990,287,3.44947735191638,1
"508",1034,616,169,3.64497041420118,1
"509",1035,3468,882,3.93197278911565,1
"510",1036,6867,1666,4.1218487394958,1
"511",1037,1636,615,2.66016260162602,1
"512",1041,1914,474,4.0379746835443,1
"513",1042,1838,528,3.48106060606061,1
"514",1043,307,108,2.84259259259259,1
"515",1047,1512,434,3.48387096774194,1
"516",1049,1501,451,3.32815964523282,1
"517",1050,558,146,3.82191780821918,1
"518",1057,975,274,3.55839416058394,1
"519",1059,1629,479,3.40083507306889,1
"520",1060,3098,786,3.94147582697201,1
"521",1061,1328,374,3.55080213903743,1
"522",1064,605,209,2.89473684210526,1
"523",1066,729,175,4.16571428571429,1
"524",1069,432,110,3.92727272727273,1
"525",1073,5070,1313,3.86138613861386,1
"526",1077,2961,744,3.97983870967742,1
"527",1078,1427,372,3.83602150537634,1
"528",1079,5266,1326,3.97134238310709,1
"529",1080,3721,926,4.01835853131749,1
"530",1081,1570,434,3.61751152073733,1
"531",1083,579,164,3.53048780487805,1
"532",1084,2810,686,4.09620991253644,1
"533",1085,495,131,3.77862595419847,1
"534",1086,1546,379,4.07915567282322,1
"535",1088,2275,687,3.31149927219796,1
"536",1089,5207,1259,4.13582208101668,1
"537",1090,4675,1143,4.09011373578303,1
"538",1091,1042,373,2.79356568364611,1
"539",1092,2660,751,3.54194407456724,1
"540",1093,2317,680,3.40735294117647,1
"541",1094,4586,1229,3.73148901545972,1
"542",1095,2218,571,3.88441330998249,1
"543",1096,1368,344,3.97674418604651,1
"544",1097,8997,2269,3.96518289995593,1
"545",1099,774,194,3.98969072164948,1
"546",1100,1179,420,2.80714285714286,1
"547",1101,3723,1010,3.68613861386139,1
"548",1103,1577,402,3.9228855721393,1
"549",1104,2041,483,4.22567287784679,1
"550",1120,1634,456,3.58333333333333,1
"551",1124,1515,405,3.74074074074074,1
"552",1125,1455,385,3.77922077922078,1
"553",1126,752,317,2.37223974763407,1
"554",1127,6318,1715,3.68396501457726,1
"555",1128,497,170,2.92352941176471,1
"556",1129,3063,884,3.46493212669683,1
"557",1130,753,231,3.25974025974026,1
"558",1131,934,216,4.32407407407407,1
"559",1132,937,220,4.25909090909091,1
"560",1135,1298,407,3.18918918918919,1
"561",1136,6932,1599,4.33520950594121,1
"562",1147,1197,277,4.32129963898917,1
"563",1148,3976,882,4.50793650793651,1
"564",1150,621,158,3.93037974683544,1
"565",1171,1550,415,3.73493975903614,1
"566",1172,2637,615,4.28780487804878,1
"567",1173,663,198,3.34848484848485,1
"568",1175,10686,2558,4.17748240813135,1
"569",1176,508,129,3.93798449612403,1
"570",1177,587,147,3.99319727891156,1
"571",1178,1029,230,4.47391304347826,1
"572",1179,3353,885,3.78870056497175,1
"573",1183,3570,989,3.60970677451972,1
"574",1185,1793,453,3.95805739514349,1
"575",1186,2031,562,3.61387900355872,1
"576",1187,538,147,3.65986394557823,1
"577",1188,2671,676,3.95118343195266,1
"578",1189,1144,269,4.25278810408922,1
"579",1190,463,132,3.50757575757576,1
"580",1191,640,209,3.0622009569378,1
"581",1192,423,105,4.02857142857143,1
"582",1193,7574,1725,4.39072463768116,1
"583",1194,737,212,3.47641509433962,1
"584",1196,12836,2990,4.29297658862876,1
"585",1197,9976,2318,4.3037100949094,1
"586",1198,11257,2514,4.47772474144789,1
"587",1199,3741,913,4.09748083242059,1
"588",1200,7509,1820,4.12582417582418,1
"589",1201,3398,822,4.1338199513382,1
"590",1203,2646,616,4.29545454545455,1
"591",1204,3658,831,4.40192539109507,1
"592",1205,781,231,3.38095238095238,1
"593",1206,5012,1229,4.07811228641172,1
"594",1207,4107,928,4.42564655172414,1
"595",1208,4990,1176,4.24319727891156,1
"596",1209,696,173,4.02312138728324,1
"597",1210,11598,2883,4.02289281997919,1
"598",1211,995,242,4.11157024793388,1
"599",1212,2137,480,4.45208333333333,1
"600",1213,7084,1657,4.27519613759807,1
"601",1214,8419,2024,4.15958498023715,1
"602",1215,3595,945,3.8042328042328,1
"603",1217,1524,357,4.26890756302521,1
"604",1218,1024,244,4.19672131147541,1
"605",1219,5328,1263,4.21852731591449,1
"606",1220,5283,1341,3.93959731543624,1
"607",1221,7373,1692,4.35756501182033,1
"608",1222,5155,1254,4.11084529505582,1
"609",1223,2063,473,4.3615221987315,1
"610",1224,1826,426,4.28638497652582,1
"611",1225,5876,1382,4.25180897250362,1
"612",1226,916,226,4.05309734513274,1
"613",1227,931,241,3.86307053941909,1
"614",1228,2835,677,4.18759231905465,1
"615",1230,5525,1334,4.14167916041979,1
"616",1231,3060,750,4.08,1
"617",1233,4307,1001,4.3026973026973,1
"618",1234,4797,1131,4.24137931034483,1
"619",1235,2903,697,4.16499282639885,1
"620",1237,1265,299,4.23076923076923,1
"621",1238,1404,351,4,1
"622",1240,8711,2098,4.15204957102002,1
"623",1242,4663,1112,4.19334532374101,1
"624",1243,1295,325,3.98461538461538,1
"625",1244,2931,718,4.08217270194986,1
"626",1245,1434,358,4.00558659217877,1
"627",1246,3425,855,4.00584795321637,1
"628",1247,5354,1261,4.24583663758921,1
"629",1248,2167,514,4.215953307393,1
"630",1249,2936,733,4.00545702592087,1
"631",1250,4115,938,4.38699360341151,1
"632",1251,936,228,4.10526315789474,1
"633",1252,5142,1185,4.33924050632911,1
"634",1253,2315,559,4.14132379248658,1
"635",1254,1943,453,4.28918322295806,1
"636",1256,4191,1028,4.07684824902724,1
"637",1258,4462,1087,4.1048758049678,1
"638",1259,7313,1785,4.096918767507,1
"639",1260,1325,308,4.30194805194805,1
"640",1261,2097,548,3.82664233576642,1
"641",1263,2877,700,4.11,1
"642",1264,1042,257,4.05447470817121,1
"643",1265,9005,2278,3.95302897278314,1
"644",1266,4078,997,4.09027081243731,1
"645",1267,3315,765,4.33333333333333,1
"646",1268,1105,317,3.48580441640379,1
"647",1269,2801,672,4.16815476190476,1
"648",1270,10307,2583,3.99032133178475,1
"649",1271,2257,593,3.80607082630691,1
"650",1272,2752,645,4.26666666666667,1
"651",1273,579,146,3.96575342465753,1
"652",1274,1778,452,3.93362831858407,1
"653",1275,2850,741,3.84615384615385,1
"654",1276,3956,930,4.25376344086022,1
"655",1277,1410,363,3.88429752066116,1
"656",1278,5071,1193,4.25062866722548,1
"657",1279,727,194,3.74742268041237,1
"658",1280,1156,277,4.17328519855596,1
"659",1281,871,216,4.03240740740741,1
"660",1282,3682,943,3.90455991516437,1
"661",1283,1684,403,4.17866004962779,1
"662",1284,2333,541,4.31238447319778,1
"663",1285,3064,803,3.81569115815691,1
"664",1286,1022,285,3.5859649122807,1
"665",1287,2894,704,4.11079545454545,1
"666",1288,4673,1118,4.17978533094812,1
"667",1289,723,182,3.97252747252747,1
"668",1290,826,230,3.59130434782609,1
"669",1291,6729,1628,4.13329238329238,1
"670",1292,2372,591,4.01353637901861,1
"671",1293,2779,671,4.14157973174367,1
"672",1294,4533,1099,4.12465878070974,1
"673",1295,949,266,3.56766917293233,1
"674",1296,2238,560,3.99642857142857,1
"675",1297,1639,442,3.70814479638009,1
"676",1298,1409,387,3.64082687338501,1
"677",1299,3110,732,4.24863387978142,1
"678",1300,1368,330,4.14545454545455,1
"679",1301,1483,373,3.97587131367292,1
"680",1302,3004,768,3.91145833333333,1
"681",1303,1280,310,4.12903225806452,1
"682",1304,5982,1419,4.21564482029598,1
"683",1305,459,121,3.79338842975207,1
"684",1306,490,136,3.60294117647059,1
"685",1307,6387,1568,4.07334183673469,1
"686",1320,2810,925,3.03783783783784,1
"687",1321,2060,549,3.75227686703097,1
"688",1327,1043,355,2.93802816901408,1
"689",1330,348,116,3,1
"690",1332,297,102,2.91176470588235,1
"691",1333,2846,733,3.88267394270123,1
"692",1334,1060,338,3.13609467455621,1
"693",1339,2247,672,3.34375,1
"694",1340,845,216,3.91203703703704,1
"695",1342,761,262,2.90458015267176,1
"696",1343,2522,687,3.67103347889374,1
"697",1344,1416,361,3.92243767313019,1
"698",1345,2044,567,3.60493827160494,1
"699",1346,554,174,3.18390804597701,1
"700",1347,1572,451,3.48558758314856,1
"701",1348,950,238,3.99159663865546,1
"702",1350,1482,409,3.62347188264059,1
"703",1353,580,188,3.08510638297872,1
"704",1354,1021,267,3.82397003745318,1
"705",1356,4859,1310,3.70916030534351,1
"706",1357,2086,548,3.80656934306569,1
"707",1358,4953,1177,4.20815632965166,1
"708",1359,550,222,2.47747747747748,1
"709",1361,670,159,4.21383647798742,1
"710",1362,403,100,4.03,1
"711",1363,333,112,2.97321428571429,1
"712",1366,344,108,3.18518518518519,1
"713",1367,1109,364,3.0467032967033,1
"714",1370,4020,1135,3.54185022026432,1
"715",1371,2484,792,3.13636363636364,1
"716",1372,3413,1001,3.40959040959041,1
"717",1373,1685,613,2.74877650897227,1
"718",1374,5619,1448,3.88052486187845,1
"719",1375,3109,927,3.35382955771305,1
"720",1376,4117,1126,3.6563055062167,1
"721",1377,3069,1031,2.97672162948594,1
"722",1378,1921,562,3.41814946619217,1
"723",1379,1073,369,2.90785907859079,1
"724",1380,2923,817,3.57772337821297,1
"725",1381,595,303,1.96369636963696,1
"726",1382,353,127,2.77952755905512,1
"727",1385,1507,461,3.26898047722343,1
"728",1387,6940,1697,4.08956982911019,1
"729",1388,958,370,2.58918918918919,1
"730",1389,389,210,1.85238095238095,1
"731",1390,387,121,3.19834710743802,1
"732",1391,3115,1074,2.90037243947858,1
"733",1392,819,219,3.73972602739726,1
"734",1393,5086,1353,3.75905395417591,1
"735",1394,5766,1434,4.02092050209205,1
"736",1395,981,295,3.32542372881356,1
"737",1396,4067,1091,3.72777268560953,1
"738",1399,333,104,3.20192307692308,1
"739",1401,568,162,3.50617283950617,1
"740",1405,1444,475,3.04,1
"741",1407,3168,886,3.57562076749436,1
"742",1408,3718,975,3.81333333333333,1
"743",1409,1197,392,3.05357142857143,1
"744",1411,1512,382,3.95811518324607,1
"745",1414,604,168,3.5952380952381,1
"746",1416,918,282,3.25531914893617,1
"747",1419,539,136,3.96323529411765,1
"748",1422,850,281,3.02491103202847,1
"749",1425,553,168,3.29166666666667,1
"750",1429,2709,751,3.60719041278296,1
"751",1431,591,232,2.54741379310345,1
"752",1432,277,100,2.77,1
"753",1438,904,321,2.81619937694704,1
"754",1441,1657,481,3.44490644490645,1
"755",1445,339,156,2.17307692307692,1
"756",1446,766,189,4.05291005291005,1
"757",1449,1916,462,4.14718614718615,1
"758",1453,360,148,2.43243243243243,1
"759",1457,827,266,3.10902255639098,1
"760",1459,1276,380,3.35789473684211,1
"761",1461,556,216,2.57407407407407,1
"762",1464,486,145,3.35172413793103,1
"763",1465,440,126,3.49206349206349,1
"764",1466,2729,719,3.79554937413074,1
"765",1468,369,144,2.5625,1
"766",1474,341,146,2.33561643835616,1
"767",1476,1740,499,3.48697394789579,1
"768",1477,3525,904,3.89933628318584,1
"769",1479,1800,563,3.19715808170515,1
"770",1480,869,265,3.27924528301887,1
"771",1483,389,141,2.75886524822695,1
"772",1484,459,124,3.70161290322581,1
"773",1485,2331,666,3.5,1
"774",1487,497,162,3.0679012345679,1
"775",1488,823,288,2.85763888888889,1
"776",1498,411,131,3.13740458015267,1
"777",1499,878,399,2.20050125313283,1
"778",1500,4332,1136,3.81338028169014,1
"779",1503,336,145,2.31724137931035,1
"780",1513,2300,755,3.04635761589404,1
"781",1515,463,181,2.55801104972376,1
"782",1517,4471,1205,3.7103734439834,1
"783",1518,1211,354,3.42090395480226,1
"784",1527,5013,1377,3.64052287581699,1
"785",1535,359,103,3.48543689320388,1
"786",1537,1448,350,4.13714285714286,1
"787",1541,744,240,3.1,1
"788",1542,843,238,3.54201680672269,1
"789",1544,3811,1255,3.03665338645418,1
"790",1552,3116,954,3.26624737945493,1
"791",1554,480,138,3.47826086956522,1
"792",1562,1368,606,2.25742574257426,1
"793",1566,1538,469,3.27931769722814,1
"794",1569,2811,820,3.42804878048781,1
"795",1573,4833,1421,3.40112596762843,1
"796",1580,9492,2538,3.73995271867612,1
"797",1584,5208,1382,3.7684515195369,1
"798",1586,1700,557,3.05206463195691,1
"799",1587,1957,572,3.42132867132867,1
"800",1588,891,289,3.08304498269896,1
"801",1589,1653,492,3.35975609756098,1
"802",1590,1254,498,2.51807228915663,1
"803",1591,1245,475,2.62105263157895,1
"804",1592,279,112,2.49107142857143,1
"805",1593,464,162,2.8641975308642,1
"806",1594,1160,307,3.7785016286645,1
"807",1597,2762,811,3.40567200986436,1
"808",1598,301,111,2.71171171171171,1
"809",1603,1018,348,2.92528735632184,1
"810",1608,3861,1076,3.58828996282528,1
"811",1610,6694,1652,4.05205811138015,1
"812",1611,791,236,3.35169491525424,1
"813",1614,1404,428,3.2803738317757,1
"814",1615,822,227,3.62114537444934,1
"815",1616,1222,395,3.09367088607595,1
"816",1619,1241,362,3.42817679558011,1
"817",1620,1318,395,3.33670886075949,1
"818",1623,283,128,2.2109375,1
"819",1627,769,250,3.076,1
"820",1629,329,109,3.01834862385321,1
"821",1633,974,266,3.66165413533835,1
"822",1635,1927,507,3.80078895463511,1
"823",1639,3650,966,3.77846790890269,1
"824",1641,4643,1199,3.87239366138449,1
"825",1643,1027,265,3.87547169811321,1
"826",1644,1250,475,2.63157894736842,1
"827",1645,2998,873,3.43413516609393,1
"828",1648,674,194,3.47422680412371,1
"829",1649,728,189,3.85185185185185,1
"830",1653,3997,1077,3.71123491179201,1
"831",1660,639,179,3.56983240223464,1
"832",1663,2841,740,3.83918918918919,1
"833",1665,537,200,2.685,1
"834",1667,314,113,2.7787610619469,1
"835",1672,1146,321,3.57009345794393,1
"836",1673,4252,1128,3.76950354609929,1
"837",1674,4180,1046,3.9961759082218,1
"838",1676,3644,1163,3.13327601031814,1
"839",1678,1815,474,3.82911392405063,1
"840",1681,292,134,2.17910447761194,1
"841",1682,3881,1005,3.86169154228856,1
